설치시도명,위도,경도
경기도,37.769612,127.332988
경기도,37.885827,127.550252
경기도,37.834176,127.510664
경기도,37.829361,127.511332
경기도,37.704361,127.547157
경기도,37.704723,127.547238
경기도,37.825688,127.516335
경기도,37.831231,127.509782
경기도,37.740375,127.424363
경기도,37.676048,127.494573
경기도,37.825688,127.516335
경기도,37.676041,127.494515
경기도,37.817687,127.353286
경기도,37.827788,127.516435
경기도,37.593122,127.492126
경기도,37.829361,127.511332
경기도,37.846283,127.499655
경기도,37.825688,127.516335
경기도,37.622834,126.818052
경기도,37.640948,126.787369
경기도,37.661521,126.744339
경기도,37.647203,126.877806
경기도,37.694481,126.769044
경기도,37.680535,126.784214
경기도,37.653735,126.784507
경기도,37.653048,126.832927
경기도,37.6675,126.753468
경기도,37.649507,126.834995
경기도,37.683444,126.748244
경기도,37.652959,126.774814
경기도,37.687367,126.768521
경기도,37.684737,126.777208
경기도,37.677034,126.770221
경기도,37.667884,126.801007
경기도,37.667951,126.751055
경기도,37.649859,126.792396
경기도,37.658386,126.832014
경기도,37.646718,126.894766
경기도,37.647011,126.854848
경기도,37.681512,126.803373
경기도,37.673846,126.786899
경기도,37.640275,126.792514
경기도,37.680718,126.787997
경기도,37.647938,126.782407
경기도,37.661797,126.744226
경기도,37.632824,126.833405
경기도,37.691952,126.815055
경기도,37.677216,126.794836
경기도,37.690494,126.754675
경기도,37.699891,126.781921
경기도,37.659653,126.883655
경기도,37.675165,126.743721
경기도,37.675165,126.743721
경기도,37.637367,126.832592
경기도,37.673398,126.755343
경기도,37.673398,126.755343
경기도,37.632882,126.831076
경기도,37.690977,126.754286
경기도,37.625355,126.836341
경기도,37.673838,126.786899
경기도,37.658704,126.774924
경기도,37.678537,126.745325
경기도,37.669157,126.746174
경기도,37.692623,126.774261
경기도,37.659129,126.768894
경기도,37.631174,126.850432
경기도,37.650463,126.898056
경기도,37.627368,126.827793
경기도,37.629875,126.791061
경기도,37.675071,126.743689
경기도,37.641618,126.787758
경기도,37.675071,126.743689
경기도,37.663575,126.755351
경기도,37.650007,126.778356
경기도,37.695271,126.713765
경기도,37.641495,126.789648
경기도,37.703986,126.763106
경기도,37.666505,126.746792
경기도,37.617448,126.836155
경기도,37.694044,126.761385
경기도,37.671669,126.740221
경기도,37.643414,126.789721
경기도,37.634278,126.832524
경기도,37.639374,126.789405
경기도,37.653326,126.838586
경기도,37.653894,126.841676
경기도,37.658501,126.764213
경기도,37.641807,126.770757
경기도,37.662529,126.769109
경기도,37.655138,126.831078
경기도,37.692858,126.772229
경기도,37.673244,126.799694
경기도,37.614522,126.843441
경기도,37.683563,126.748244
경기도,37.664264,126.754118
경기도,37.630905,126.851825
경기도,37.644003,126.761741
경기도,37.643414,126.789743
경기도,37.433667,126.993064
경기도,37.419604,126.989121
경기도,37.453738,127.000881
경기도,37.4439497,126.991468
경기도,37.420008,126.999044
경기도,37.424637,127.009819
경기도,37.448271,126.995221
경기도,37.426698,127.002035
경기도,37.4895125,127.0250802
경기도,37.441033,126.9965429
경기도,37.446883,127.022403
경기도,37.433762,126.998488
경기도,37.46674206,126.8698839
경기도,37.46535327,126.8514295
경기도,37.42851741,126.880501
경기도,37.43199138,126.8780442
경기도,37.48287606,126.864783
경기도,37.4246681,126.8634442
경기도,37.4471884,126.8839858
경기도,37.48468865,126.8666227
경기도,37.45541078,126.8781649
경기도,37.47891692,126.8643754
경기도,37.45225531,126.8849182
경기도,37.43211239,126.8802227
경기도,37.47436897,126.8684627
경기도,37.49081572,126.8679057
경기도,37.4770228,126.8725685
경기도,37.4770228,126.8725685
경기도,37.46674206,126.8698839
경기도,37.46517874,126.8691394
경기도,37.46470369,126.8747295
경기도,37.45870986,126.8816202
경기도,37.46571102,126.8777291
경기도,37.41546254,126.8513514
경기도,37.44910346,126.856295
경기도,37.47891692,126.8643754
경기도,37.47891692,126.8643754
경기도,37.47892835,126.8466411
경기도,37.48680176,126.8656773
경기도,37.4618213,126.8733966
경기도,37.44545698,126.8879923
경기도,37.46785322,126.8737421
경기도,37.47876185,126.8475021
경기도,37.47106162,126.8486547
경기도,37.41546254,126.8513514
경기도,37.35866409,127.3807695
경기도,37.38089355,127.2327991
경기도,37.38089355,127.2327991
경기도,37.38994274,127.2940405
경기도,37.38994274,127.2940405
경기도,37.40306733,127.2710222
경기도,37.3366249,127.2057242
경기도,37.3366249,127.2057242
경기도,37.38806762,127.2330198
경기도,37.368871,127.1696747
경기도,37.35914528,127.1489318
경기도,37.36746524,127.1683806
경기도,37.40297675,127.2993175
경기도,37.40297675,127.2993175
경기도,37.34536759,127.338091
경기도,37.35048574,127.1653846
경기도,37.36967033,127.2989494
경기도,37.39608859,127.2166973
경기도,37.39715749,127.2467402
경기도,37.37887503,127.2327858
경기도,37.37887503,127.2327858
경기도,37.38556343,127.2303689
경기도,37.38556343,127.2303689
경기도,37.38464695,127.2307735
경기도,37.38364982,127.2312466
경기도,37.38364982,127.2312466
경기도,37.38364982,127.2312466
경기도,37.4124521,127.257241
경기도,37.38666395,127.2277829
경기도,37.31801269,127.3337046
경기도,37.39407385,127.2902071
경기도,37.42760508,127.2453285
경기도,37.3623933,127.1558041
경기도,37.39967274,127.2787919
경기도,37.34634151,127.1770895
경기도,37.34634151,127.1770895
경기도,37.38984482,127.2291733
경기도,37.38984482,127.2291733
경기도,37.38475629,127.2365315
경기도,37.40725039,127.2497005
경기도,37.40580255,127.3846637
경기도,37.38025417,127.2286954
경기도,37.42953419,127.2342247
경기도,37.41884303,127.2765297
경기도,37.41884303,127.2765297
경기도,37.41788742,127.2749799
경기도,37.41788742,127.2749799
경기도,37.35927321,127.218513
경기도,37.35927321,127.218513
경기도,37.35927321,127.218513
경기도,37.41906724,127.2474363
경기도,37.39794759,127.2751716
경기도,37.39794759,127.2751716
경기도,37.39079171,127.2292878
경기도,37.39079171,127.2292878
경기도,37.39079171,127.2292878
경기도,37.37827408,127.2276656
경기도,37.38025417,127.2286954
경기도,37.39967274,127.2787919
경기도,37.34314179,127.201999
경기도,37.44743324,127.3477055
경기도,37.3280788,127.4014441
경기도,37.37235809,127.2521927
경기도,37.37221267,127.2991629
경기도,37.39488171,127.3064176
경기도,37.38965266,127.2832469
경기도,37.41814873,127.2735087
경기도,37.38868029,127.2456391
경기도,37.38868029,127.2456391
경기도,37.37717407,127.2940018
경기도,37.37717407,127.2940018
경기도,37.37717407,127.2940018
경기도,37.37887503,127.2327858
경기도,37.37887503,127.2327858
경기도,37.37887503,127.2327858
경기도,37.37887503,127.2327858
경기도,37.37887503,127.2327858
경기도,37.37887503,127.2327858
경기도,37.37887503,127.2327858
경기도,37.37887503,127.2327858
경기도,37.38556343,127.2303689
경기도,37.38556343,127.2303689
경기도,37.38556343,127.2303689
경기도,37.38556343,127.2303689
경기도,37.38556343,127.2303689
경기도,37.38464695,127.2307735
경기도,37.38464695,127.2307735
경기도,37.38464695,127.2307735
경기도,37.38464695,127.2307735
경기도,37.38464695,127.2307735
경기도,37.38464695,127.2307735
경기도,37.38464695,127.2307735
경기도,37.38464695,127.2307735
경기도,37.38364982,127.2312466
경기도,37.38364982,127.2312466
경기도,37.38364982,127.2312466
경기도,37.38364982,127.2312466
경기도,37.38364982,127.2312466
경기도,37.4267676,127.2876055
경기도,37.4267676,127.2876055
경기도,37.40297675,127.2993175
경기도,37.36176093,127.2037326
경기도,37.34624582,127.3372255
경기도,37.34624582,127.3372255
경기도,37.34624582,127.3372255
경기도,37.41504305,127.2494309
경기도,37.41504305,127.2494309
경기도,37.35765722,127.1462507
경기도,37.39899203,127.2475803
경기도,37.35914528,127.1489318
경기도,37.38748203,127.233037
경기도,37.35365708,127.207306
경기도,37.34449566,127.215833
경기도,37.39407088,127.2588215
경기도,37.39437098,127.259259
경기도,37.41089089,127.2370237
경기도,37.41089089,127.2370237
경기도,37.41089089,127.2370237
경기도,37.40297675,127.2993175
경기도,37.41706821,127.2490718
경기도,37.41706821,127.2490718
경기도,37.38089355,127.2327991
경기도,37.40297675,127.2993175
경기도,37.40297675,127.2993175
경기도,37.40297675,127.2993175
경기도,37.34536759,127.338091
경기도,37.34536759,127.338091
경기도,37.34536759,127.338091
경기도,37.4267676,127.2876055
경기도,37.35048574,127.1653846
경기도,37.39940481,127.2458932
경기도,37.39940481,127.2458932
경기도,37.39940481,127.2458932
경기도,37.3374046,127.2993616
경기도,37.4706402,127.3102757
경기도,37.4706402,127.3102757
경기도,37.35670357,127.1705649
경기도,37.36673289,127.2489632
경기도,37.45691644,127.3242819
경기도,37.38833278,127.2420175
경기도,37.36199032,127.1574229
경기도,37.35426356,127.1454764
경기도,37.39715749,127.2467402
경기도,37.39715749,127.2467402
경기도,37.4267676,127.2876055
경기도,37.40824434,127.2360338
경기도,37.37717407,127.2940018
경기도,37.37717407,127.2940018
경기도,37.44221088,127.2979581
경기도,37.40008363,127.2931436
경기도,37.40565455,127.2595774
경기도,37.37717407,127.2940018
경기도,37.37717407,127.2940018
경기도,37.37717407,127.2940018
경기도,37.37717407,127.2940018
경기도,37.37717407,127.2940018
경기도,37.37717407,127.2940018
경기도,37.37717407,127.2940018
경기도,37.37717407,127.2940018
경기도,37.38524761,127.2879413
경기도,37.43553818,127.2291013
경기도,37.39940481,127.2458932
경기도,37.41170683,127.2505034
경기도,37.40879655,127.257694
경기도,37.41814873,127.2735087
경기도,37.4108575,127.2572896
경기도,37.36176093,127.2037326
경기도,37.38632426,127.2946954
경기도,37.38632426,127.2946954
경기도,37.39478451,127.2900084
경기도,37.3956723,127.2469922
경기도,37.35390123,127.2142002
경기도,37.40297675,127.2993175
경기도,37.35704907,127.1633141
경기도,37.35333274,127.1627683
경기도,37.34212127,127.3392819
경기도,37.3574297,127.1496962
경기도,37.3574297,127.1496962
경기도,37.37046867,127.2483728
경기도,37.37046867,127.2483728
경기도,37.35923446,127.3219735
경기도,37.358559,127.1564114
경기도,37.36176093,127.2037326
경기도,37.38360659,127.2301404
경기도,37.38360659,127.2301404
경기도,37.38360659,127.2301404
경기도,37.39407088,127.2588215
경기도,37.39437098,127.259259
경기도,37.39437098,127.259259
경기도,37.39437098,127.259259
경기도,37.39437098,127.259259
경기도,37.39488171,127.3064176
경기도,37.39488171,127.3064176
경기도,37.39488171,127.3064176
경기도,37.41089089,127.2370237
경기도,37.41089089,127.2370237
경기도,37.41089089,127.2370237
경기도,37.41089089,127.2370237
경기도,37.41089089,127.2370237
경기도,37.41089089,127.2370237
경기도,37.41089089,127.2370237
경기도,37.40297675,127.2993175
경기도,37.40297675,127.2993175
경기도,37.40297675,127.2993175
경기도,37.40297675,127.2993175
경기도,37.40297675,127.2993175
경기도,37.41706821,127.2490718
경기도,37.41706821,127.2490718
경기도,37.41706821,127.2490718
경기도,37.41706821,127.2490718
경기도,37.41706821,127.2490718
경기도,37.41706821,127.2490718
경기도,37.41706821,127.2490718
경기도,37.41706821,127.2490718
경기도,37.38089355,127.2327991
경기도,37.38089355,127.2327991
경기도,37.38089355,127.2327991
경기도,37.38089355,127.2327991
경기도,37.38089355,127.2327991
경기도,37.38089355,127.2327991
경기도,37.39437098,127.259259
경기도,37.39564514,127.2922817
경기도,37.39564514,127.2922817
경기도,37.39564514,127.2922817
경기도,37.39564514,127.2922817
경기도,37.38994274,127.2940405
경기도,37.38994274,127.2940405
경기도,37.38994274,127.2940405
경기도,37.40306733,127.2710222
경기도,37.3366249,127.2057242
경기도,37.3366249,127.2057242
경기도,37.3366249,127.2057242
경기도,37.3366249,127.2057242
경기도,37.3366249,127.2057242
경기도,37.3366249,127.2057242
경기도,37.3366249,127.2057242
경기도,37.3366249,127.2057242
경기도,37.38806762,127.2330198
경기도,37.38806762,127.2330198
경기도,37.368871,127.1696747
경기도,37.368871,127.1696747
경기도,37.368871,127.1696747
경기도,37.368871,127.1696747
경기도,37.35914528,127.1489318
경기도,37.36746524,127.1683806
경기도,37.38792959,127.2339698
경기도,37.38792959,127.2339698
경기도,37.38792959,127.2339698
경기도,37.38792959,127.2339698
경기도,37.38806762,127.2330198
경기도,37.39794759,127.2751716
경기도,37.39794759,127.2751716
경기도,37.39794759,127.2751716
경기도,37.39128165,127.2311914
경기도,37.39128165,127.2311914
경기도,37.39079171,127.2292878
경기도,37.39079171,127.2292878
경기도,37.39079171,127.2292878
경기도,37.39079171,127.2292878
경기도,37.39079171,127.2292878
경기도,37.39079171,127.2292878
경기도,37.39079171,127.2292878
경기도,37.37827408,127.2276656
경기도,37.37827408,127.2276656
경기도,37.37827408,127.2276656
경기도,37.37827408,127.2276656
경기도,37.38025417,127.2286954
경기도,37.358559,127.1564114
경기도,37.358559,127.1564114
경기도,37.358559,127.1564114
경기도,37.358559,127.1564114
경기도,37.35866409,127.3807695
경기도,37.35866409,127.3807695
경기도,37.35866409,127.3807695
경기도,37.35866409,127.3807695
경기도,37.40297675,127.2993175
경기도,37.36176093,127.2037326
경기도,37.36176093,127.2037326
경기도,37.36176093,127.2037326
경기도,37.36176093,127.2037326
경기도,37.35606589,127.1682917
경기도,37.35699789,127.1688458
경기도,37.39478451,127.2900084
경기도,37.34624582,127.3372255
경기도,37.34624582,127.3372255
경기도,37.34624582,127.3372255
경기도,37.34624582,127.3372255
경기도,37.41504305,127.2494309
경기도,37.41504305,127.2494309
경기도,37.41504305,127.2494309
경기도,37.41504305,127.2494309
경기도,37.41504305,127.2494309
경기도,37.41504305,127.2494309
경기도,37.36614127,127.1557283
경기도,37.35765722,127.1462507
경기도,37.35765722,127.1462507
경기도,37.35765722,127.1462507
경기도,37.35765722,127.1462507
경기도,37.39899203,127.2475803
경기도,37.39899203,127.2475803
경기도,37.39899203,127.2475803
경기도,37.39899203,127.2475803
경기도,37.35914528,127.1489318
경기도,37.35914528,127.1489318
경기도,37.38748203,127.233037
경기도,37.38748203,127.233037
경기도,37.39715749,127.2467402
경기도,37.39715749,127.2467402
경기도,37.35365708,127.207306
경기도,37.35365708,127.207306
경기도,37.35365708,127.207306
경기도,37.37502754,127.2891555
경기도,37.37682127,127.2907533
경기도,37.34449566,127.215833
경기도,37.39407385,127.2902071
경기도,37.39407385,127.2902071
경기도,37.42760508,127.2453285
경기도,37.42760508,127.2453285
경기도,37.3623933,127.1558041
경기도,37.39967274,127.2787919
경기도,37.39967274,127.2787919
경기도,37.39967274,127.2787919
경기도,37.39967274,127.2787919
경기도,37.39967274,127.2787919
경기도,37.34634151,127.1770895
경기도,37.34634151,127.1770895
경기도,37.34634151,127.1770895
경기도,37.38984482,127.2291733
경기도,37.4267676,127.2876055
경기도,37.4267676,127.2876055
경기도,37.41780121,127.2581476
경기도,37.41780121,127.2581476
경기도,37.41780121,127.2581476
경기도,37.39407088,127.2588215
경기도,37.39407088,127.2588215
경기도,37.39407088,127.2588215
경기도,37.3898449,127.2291846
경기도,37.3898449,127.2291846
경기도,37.3898449,127.2291846
경기도,37.38475629,127.2365315
경기도,37.40725039,127.2497005
경기도,37.40725039,127.2497005
경기도,37.34621481,127.1757139
경기도,37.38025417,127.2286954
경기도,37.38025417,127.2286954
경기도,37.38025417,127.2286954
경기도,37.38025417,127.2286954
경기도,37.38025417,127.2286954
경기도,37.38025417,127.2286954
경기도,37.38025417,127.2286954
경기도,37.42953419,127.2342247
경기도,37.41884303,127.2765297
경기도,37.41884303,127.2765297
경기도,37.41884303,127.2765297
경기도,37.41884303,127.2765297
경기도,37.41884303,127.2765297
경기도,37.41884303,127.2765297
경기도,37.41884303,127.2765297
경기도,37.41788742,127.2749799
경기도,37.41788742,127.2749799
경기도,37.41788742,127.2749799
경기도,37.41788742,127.2749799
경기도,37.41788742,127.2749799
경기도,37.35927321,127.218513
경기도,37.35927321,127.218513
경기도,37.35927321,127.218513
경기도,37.35927321,127.218513
경기도,37.35927321,127.218513
경기도,37.35927321,127.218513
경기도,37.35927321,127.218513
경기도,37.40580255,127.3846637
경기도,37.40580255,127.3846637
경기도,37.40580255,127.3846637
경기도,37.41906724,127.2474363
경기도,37.41906724,127.2474363
경기도,37.41906724,127.2474363
경기도,37.41906724,127.2474363
경기도,37.41906724,127.2474363
경기도,37.40297675,127.2993175
경기도,37.38111595,127.2563743
경기도,37.38111595,127.2563743
경기도,37.38111595,127.2563743
경기도,37.35704907,127.1633141
경기도,37.35333274,127.1627683
경기도,37.35333274,127.1627683
경기도,37.36517272,127.1912669
경기도,37.36517272,127.1912669
경기도,37.39205609,127.2858216
경기도,37.40882529,127.2394958
경기도,37.39237078,127.2797539
경기도,37.39237078,127.2797539
경기도,37.42943296,127.255084
경기도,37.42943296,127.255084
경기도,37.3661517,127.228625
경기도,37.3574297,127.1496962
경기도,37.3574297,127.1496962
경기도,37.3574297,127.1496962
경기도,37.37046867,127.2483728
경기도,37.37046867,127.2483728
경기도,37.36176093,127.2037326
경기도,37.36176093,127.2037326
경기도,37.36176093,127.2037326
경기도,37.36176093,127.2037326
경기도,37.36176093,127.2037326
경기도,37.35923446,127.3219735
경기도,37.358559,127.1564114
경기도,37.358559,127.1564114
경기도,37.358559,127.1564114
경기도,37.35333274,127.1627683
경기도,37.35333274,127.1627683
경기도,37.40963859,127.2612214
경기도,37.36176093,127.2037326
경기도,37.36176093,127.2037326
경기도,37.36176093,127.2037326
경기도,37.41663221,127.2969537
경기도,37.41663221,127.2969537
경기도,37.38360659,127.2301404
경기도,37.38360659,127.2301404
경기도,37.38360659,127.2301404
경기도,37.38360659,127.2301404
경기도,37.38360659,127.2301404
경기도,37.38360659,127.2301404
경기도,37.38360659,127.2301404
경기도,37.39967274,127.2787919
경기도,37.39967274,127.2787919
경기도,37.39967274,127.2787919
경기도,37.35011678,127.3414017
경기도,37.35011678,127.3414017
경기도,37.4124521,127.257241
경기도,37.4124521,127.257241
경기도,37.4124521,127.257241
경기도,37.4124521,127.257241
경기도,37.4124521,127.257241
경기도,37.38666395,127.2277829
경기도,37.38666395,127.2277829
경기도,37.3956723,127.2469922
경기도,37.31801269,127.3337046
경기도,37.31801269,127.3337046
경기도,37.31801269,127.3337046
경기도,37.41671923,127.2523063
경기도,37.39407385,127.2902071
경기도,37.39407385,127.2902071
경기도,37.37717407,127.2940018
경기도,37.37717407,127.2940018
경기도,37.35353133,127.1489048
경기도,37.37717407,127.2940018
경기도,37.37717407,127.2940018
경기도,37.37717407,127.2940018
경기도,37.37717407,127.2940018
경기도,37.37717407,127.2940018
경기도,37.37717407,127.2940018
경기도,37.37717407,127.2940018
경기도,37.37717407,127.2940018
경기도,37.37717407,127.2940018
경기도,37.43311039,127.2538159
경기도,37.37717407,127.2940018
경기도,37.37717407,127.2940018
경기도,37.39562861,127.2586368
경기도,37.44806142,127.2627884
경기도,37.44806142,127.2627884
경기도,37.4058551,127.2599482
경기도,37.4058551,127.2599482
경기도,37.38524761,127.2879413
경기도,37.36637051,127.3124825
경기도,37.36637051,127.3124825
경기도,37.43553818,127.2291013
경기도,37.37717407,127.2940018
경기도,37.37717407,127.2940018
경기도,37.39940481,127.2458932
경기도,37.41170683,127.2505034
경기도,37.37717407,127.2940018
경기도,37.35131187,127.3424185
경기도,37.41814873,127.2735087
경기도,37.35131187,127.3424185
경기도,37.38041116,127.4244035
경기도,37.37849625,127.4365792
경기도,37.40941753,127.2590095
경기도,37.38949299,127.2360657
경기도,37.38949299,127.2360657
경기도,37.39562861,127.2586368
경기도,37.34887064,127.1714974
경기도,37.36176093,127.2037326
경기도,37.36176093,127.2037326
경기도,37.36176093,127.2037326
경기도,37.36176093,127.2037326
경기도,37.36176093,127.2037326
경기도,37.36176093,127.2037326
경기도,37.37221267,127.2991629
경기도,37.37221267,127.2991629
경기도,37.38524761,127.2879413
경기도,37.46690935,127.3071219
경기도,37.38632426,127.2946954
경기도,37.38632426,127.2946954
경기도,37.38632426,127.2946954
경기도,37.38632426,127.2946954
경기도,37.38632426,127.2946954
경기도,37.38632426,127.2946954
경기도,37.39478451,127.2900084
경기도,37.39478451,127.2900084
경기도,37.39478451,127.2900084
경기도,37.4267676,127.2876055
경기도,37.41968948,127.246097
경기도,37.35390123,127.2142002
경기도,37.35390123,127.2142002
경기도,37.35390123,127.2142002
경기도,37.35390123,127.2142002
경기도,37.39488171,127.3064176
경기도,37.39488171,127.3064176
경기도,37.39488171,127.3064176
경기도,37.39488171,127.3064176
경기도,37.39488171,127.3064176
경기도,37.39781259,127.2915837
경기도,37.39781259,127.2915837
경기도,37.38965266,127.2832469
경기도,37.4267676,127.2876055
경기도,37.41814873,127.2735087
경기도,37.38868029,127.2456391
경기도,37.38868029,127.2456391
경기도,37.38868029,127.2456391
경기도,37.38868029,127.2456391
경기도,37.38868029,127.2456391
경기도,37.37717407,127.2940018
경기도,37.37717407,127.2940018
경기도,37.37717407,127.2940018
경기도,37.37717407,127.2940018
경기도,37.37717407,127.2940018
경기도,37.37717407,127.2940018
경기도,37.39867128,127.2800665
경기도,37.39867128,127.2800665
경기도,37.37778299,127.2594219
경기도,37.35704907,127.1633141
경기도,37.35860269,127.1549547
경기도,37.40813172,127.2367353
경기도,37.39325465,127.2339157
경기도,37.39325465,127.2339157
경기도,37.39325465,127.2339157
경기도,37.36004766,127.312969
경기도,37.36004766,127.312969
경기도,37.36004766,127.312969
경기도,37.37717407,127.2940018
경기도,37.37717407,127.2940018
경기도,37.37717407,127.2940018
경기도,37.37717407,127.2940018
경기도,37.37717407,127.2940018
경기도,37.44221088,127.2979581
경기도,37.40008363,127.2931436
경기도,37.4198252,127.2854342
경기도,37.4198252,127.2854342
경기도,37.38718652,127.2459589
경기도,37.42943296,127.255084
경기도,37.42943296,127.255084
경기도,37.42618096,127.258099
경기도,37.42618096,127.258099
경기도,37.42618096,127.258099
경기도,37.42281777,127.2591941
경기도,37.37717407,127.2940018
경기도,37.37717407,127.2940018
경기도,37.37717407,127.2940018
경기도,37.42571989,127.2521266
경기도,37.37717407,127.2940018
경기도,37.47644841,127.1836269
경기도,37.47650149,127.1887254
경기도,37.47650149,127.1887254
경기도,37.47673616,127.1874679
경기도,37.47673616,127.1874679
경기도,37.47673616,127.1874679
경기도,37.47673616,127.1874679
경기도,37.44743324,127.3477055
경기도,37.3048153,127.3311699
경기도,37.3280788,127.4014441
경기도,37.3280788,127.4014441
경기도,37.3280788,127.4014441
경기도,37.37235809,127.2521927
경기도,37.37235809,127.2521927
경기도,37.37235809,127.2521927
경기도,37.37235809,127.2521927
경기도,37.37221267,127.2991629
경기도,37.37221267,127.2991629
경기도,37.42678153,127.254726
경기도,37.47644841,127.1836269
경기도,37.42678153,127.254726
경기도,37.58043668,127.1274503
경기도,37.6092957,127.131665
경기도,37.58688772,127.1336233
경기도,37.58688772,127.1336233
경기도,37.5905907,127.1620342
경기도,37.5905907,127.1620342
경기도,37.58706371,127.134158
경기도,37.60273681,127.1437984
경기도,37.627658,127.1394734
경기도,37.6092957,127.131665
경기도,37.58688772,127.1336233
경기도,37.6092957,127.131665
경기도,37.58688772,127.1336233
경기도,37.59773864,127.1347267
경기도,37.59487962,127.1294933
경기도,37.60273681,127.1437984
경기도,37.591484,127.138636
경기도,37.591484,127.138636
경기도,37.57447848,127.1328627
경기도,37.57447848,127.1328627
경기도,37.587146,127.1297375
경기도,37.61186234,127.1405451
경기도,37.61186234,127.1405451
경기도,37.5977012,127.1404753
경기도,37.5977012,127.1404753
경기도,37.61661413,127.1390408
경기도,37.59319077,127.1400933
경기도,37.612629,127.140369
경기도,37.6092957,127.131665
경기도,37.6092957,127.131665
경기도,37.58688772,127.1336233
경기도,37.59643764,127.1491627
경기도,37.59773864,127.1347267
경기도,37.59773864,127.1347267
경기도,37.60650719,127.1331043
경기도,37.60123097,127.1276709
경기도,37.6159287,127.144483
경기도,37.60473544,127.1450797
경기도,37.594139,127.139764
경기도,37.61173402,127.1393488
경기도,37.6325239,127.1168473
경기도,37.6325239,127.1168473
경기도,37.630816,127.118645
경기도,37.587462,127.160021
경기도,37.35801065,126.9305269
경기도,37.37558087,126.9445784
경기도,37.32691201,126.9281941
경기도,37.35420464,126.9368467
경기도,37.36108908,126.9314181
경기도,37.32406724,126.9356624
경기도,37.35502989,126.9163586
경기도,37.35176192,126.9259052
경기도,37.34634723,126.9430786
경기도,37.37336859,126.9385783
경기도,37.35400139,126.9410682
경기도,37.33022995,126.9151134
경기도,37.36057302,126.9438218
경기도,37.34493038,126.9501061
경기도,37.37002079,126.9327105
경기도,37.3510334,126.9295356
경기도,37.36484034,126.9335042
경기도,37.35371141,126.945143
경기도,37.36056589,126.9304128
경기도,37.32660316,126.9416808
경기도,37.3391879,126.9364914
경기도,37.34507769,126.9490384
경기도,37.34293459,126.9479993
경기도,37.32906953,126.9191214
경기도,37.35883513,126.9179381
경기도,37.36030589,126.9295495
경기도,37.36064961,126.9350329
경기도,37.36062676,126.9360827
경기도,37.35133341,126.9392193
경기도,37.37524332,126.9433864
경기도,37.36092781,126.9472577
경기도,37.59754327,126.7246268
경기도,37.6957994,126.5870159
경기도,37.6099628,126.7236531
경기도,37.6581377,126.6803703
경기도,37.64966407,126.6302601
경기도,37.6459347,126.6629422
경기도,37.64890019,126.6776312
경기도,37.65473585,126.6779974
경기도,37.6593368,126.6832269
경기도,37.6082531,126.7345446
경기도,37.6372649,126.672404
경기도,37.63682741,126.6421881
경기도,37.6802012,126.6213009
경기도,37.60012725,126.7668795
경기도,37.61864252,126.6242099
경기도,37.6359826,126.7064478
경기도,37.6347024,126.7039208
경기도,37.5986289,126.7279414
경기도,37.6381206,126.638146
경기도,37.64212752,126.6605268
경기도,37.60556899,126.7078305
경기도,37.62080588,126.7194836
경기도,37.65158054,126.6720822
경기도,37.64926997,126.6680493
경기도,37.6434548,126.6657015
경기도,37.6451866,126.6925784
경기도,37.6622877,126.6617403
경기도,37.6441324,126.6283534
경기도,37.64118053,126.6776061
경기도,37.6373102,126.6814207
경기도,37.61575705,126.6230891
경기도,37.61942989,126.6999222
경기도,37.63682741,126.6421881
경기도,37.7207585,126.5521903
경기도,37.62498433,126.701944
경기도,37.6600271,126.6366206
경기도,37.6612116,126.6355335
경기도,37.6020666,126.7220342
경기도,37.63972679,126.6713337
경기도,37.65143782,126.6830982
경기도,37.6574341,126.6253626
경기도,37.64647908,126.6236784
경기도,37.65332457,126.629579
경기도,37.61518955,126.7157055
경기도,37.654655,126.699405
경기도,37.62756683,126.7056455
경기도,37.6522772,126.6717537
경기도,37.61930752,126.7167454
경기도,37.63984883,126.6223495
경기도,37.6342435,126.6802852
경기도,37.63557338,126.6726058
경기도,37.71516882,126.5528434
경기도,37.59765084,126.7661503
경기도,37.60330492,126.7709616
경기도,37.64682473,126.6848391
경기도,37.63765839,126.6684813
경기도,37.6464916,126.6592762
경기도,37.59551899,126.7690843
경기도,37.6522785,126.6904009
경기도,37.651157,126.6686098
경기도,37.64746062,126.6258265
경기도,37.6484543,126.630478
경기도,37.7302641,126.5468709
경기도,37.62319763,126.7181966
경기도,37.65485725,126.6804025
경기도,37.58469705,127.2140219
경기도,37.57963192,127.2226567
경기도,37.58551455,127.2163294
경기도,37.73510744,127.2115908
경기도,37.72174723,127.188609
경기도,37.72632935,127.1898391
경기도,37.71124577,127.1861736
경기도,37.65013882,127.3092958
경기도,37.66344486,127.2922951
경기도,37.65409997,127.3291074
경기도,37.65784817,127.3007103
경기도,37.65222183,127.1758058
경기도,37.64899945,127.1970232
경기도,37.69857596,127.2048422
경기도,37.70263158,127.1248907
경기도,37.70335984,127.326431
경기도,37.5358834,127.3034558
경기도,37.65504747,127.2430009
경기도,37.65413033,127.2507744
경기도,37.65344682,127.2429168
경기도,37.63661549,127.2179957
경기도,37.63261487,127.1999701
경기도,37.60592685,127.1777885
경기도,37.6139266,127.1555493
경기도,37.60820421,127.1577527
경기도,37.60478345,127.1579276
경기도,37.65591536,127.1258725
경기도,37.64616741,127.1218817
경기도,37.64281146,127.1259688
경기도,37.70883042,127.1820305
경기도,37.65314135,127.3017173
경기도,37.65086471,127.303624
경기도,37.65460648,127.177687
경기도,37.68486874,127.2098427
경기도,37.59603356,127.336719
경기도,37.9035141,127.0611557
경기도,37.9053359,127.0442541
경기도,37.9176031,127.0612905
경기도,37.8908201,127.0530618
경기도,37.8894933,127.0573865
경기도,37.9073701,127.0658805
경기도,37.9077377,127.0531418
경기도,37.9294244,127.0572864
경기도,37.9012179,127.0499055
경기도,37.9458362,127.0644254
경기도,37.8809452,127.0531383
경기도,37.501013,126.786974
경기도,37.520658,126.774384
경기도,37.507194,126.786351
경기도,37.498601,126.763006
경기도,37.504061,126.763902
경기도,37.4418855,127.1705633
경기도,37.444346,127.141375
경기도,37.382633,127.118957
경기도,37.382633,127.118957
경기도,37.411849,127.120559
경기도,37.456654,127.150712
경기도,37.456654,127.150712
경기도,37.456654,127.150712
경기도,37.438912,127.168462
경기도,37.438912,127.168462
경기도,37.438912,127.168462
경기도,37.393888,127.110592
경기도,37.393888,127.110592
경기도,37.393888,127.110592
경기도,37.390597,127.0909955
경기도,37.419612,127.125879
경기도,37.411767,127.131708
경기도,37.444636,127.130414
경기도,37.384211,127.150663
경기도,37.392681,127.111953
경기도,37.428912,127.120122
경기도,37.404313,127.102497
경기도,37.395764,127.113484
경기도,37.338889,127.106672
경기도,37.4325568,127.1379572
경기도,37.358932,127.119712
경기도,37.444346,127.141375
경기도,37.392681,127.111953
경기도,37.402879,127.131235
경기도,37.444346,127.141375
경기도,37.439987,127.145631
경기도,37.373504,127.148002
경기도,37.434215,127.179719
경기도,37.434326,127.179719
경기도,37.390597,127.0909955
경기도,37.434326,127.179719
경기도,37.358932,127.119712
경기도,37.444636,127.130414
경기도,37.3079243,126.9962023
경기도,37.2522317,126.9635237
경기도,37.2950153,127.033424
경기도,37.3096669,126.9864865
경기도,37.2855407,126.9907526
경기도,37.2825088,126.9701447
경기도,37.2627661,127.0301315
경기도,37.2527036,127.0716535
경기도,37.3031937,127.009906
경기도,37.2576833,126.9724145
경기도,37.2592071,127.0469476
경기도,37.2743429,127.0652188
경기도,37.26334,127.0286437
경기도,37.2931378,127.0140837
경기도,37.2581454,126.9691985
경기도,37.2978924,126.9968183
경기도,37.2585488,126.9726801
경기도,37.2994074,126.9716532
경기도,37.2963665,127.0468963
경기도,37.2831096,127.0184566
경기도,37.2851077,127.0145244
경기도,37.2771334,127.0293603
경기도,37.2700194,127.0635891
경기도,37.2532972,127.0739442
경기도,37.2935561,127.0374662
경기도,37.2741231,127.0348936
경기도,37.2388149,127.0516229
경기도,37.3022383,127.0094346
경기도,37.251781,127.0725948
경기도,37.2744453,126.9559247
경기도,37.2828282,126.9672677
경기도,37.2460587,127.0480147
경기도,37.275051,127.0094448
경기도,37.2956283,126.9996174
경기도,37.290414,127.050727
경기도,37.2960979,126.9824075
경기도,37.2768379,126.9829983
경기도,37.275051,127.0094448
경기도,37.2939168,126.9732106
경기도,37.2502201,127.0346879
경기도,37.3510372,126.7287245
경기도,37.3910929,126.779749
경기도,37.436878,126.832835
경기도,37.3678439,126.7369157
경기도,37.3688907,126.7315058
경기도,37.3802568,126.8031377
경기도,37.3683683,126.811827
경기도,37.435458,126.7818042
경기도,37.3846234,126.8572903
경기도,37.3402638,126.7438852
경기도,37.3897919,126.780772
경기도,37.383496,126.854432
경기도,37.3796992,126.7364451
경기도,37.3841007,126.7942406
경기도,37.3400232,126.7849961
경기도,37.3493991,126.7461675
경기도,37.3452082,126.7250547
경기도,37.3411447,126.7496933
경기도,37.350641,126.7453387
경기도,37.3778587,126.7847734
경기도,37.4425495,126.7889364
경기도,37.442003,126.790548
경기도,37.4389655,126.7864032
경기도,37.3917987,126.8060759
경기도,37.347577,126.784346
경기도,37.4404163,126.784871
경기도,37.344715,126.687463
경기도,37.348344,126.688768
경기도,37.381671,126.859255
경기도,37.368978,126.814133
경기도,37.4479953,126.7849622
경기도,37.3919333,126.8289318
경기도,37.3456377,126.7344203
경기도,37.319672,126.822556
경기도,37.316674,126.854249
경기도,37.006118,127.274352
경기도,36.9430644,127.2594572
경기도,37.073155,127.374921
경기도,37.0012303,127.2802238
경기도,37.008424,127.2659341
경기도,37.0126934,127.2559145
경기도,37.0077895,127.2644592
경기도,37.0001476,127.2698156
경기도,37.0599261,127.1948798
경기도,37.0486238,127.3958758
경기도,36.968061,127.275003
경기도,37.008365,127.278909
경기도,36.9700252,127.274084
경기도,37.012895,127.144941
경기도,37.077457,127.131745
경기도,36.9996244,127.1660712
경기도,37.0010464,127.1726362
경기도,36.9595152,127.281515
경기도,36.9752703,127.2151042
경기도,37.0124067,127.2380032
경기도,37.0397352,127.1295178
경기도,37.0905965,127.4769381
경기도,37.0783361,127.4224638
경기도,37.007158,127.227901
경기도,37.000483,127.2488753
경기도,36.996394,127.194072
경기도,37.008107,127.199693
경기도,37.0953426,127.342413
경기도,37.0754818,127.195376
경기도,37.0598348,127.383906
경기도,37.41386486,126.9093924
경기도,37.40921758,126.8994061
경기도,37.38534059,126.9651817
경기도,37.39363921,126.918702
경기도,37.39655726,126.9639836
경기도,37.39047126,126.9105814
경기도,37.39589362,126.9747776
경기도,37.39954412,126.945162
경기도,37.40816779,126.9727018
경기도,37.41336446,126.9712429
경기도,37.40842643,126.9695601
경기도,37.3885705,126.9501117
경기도,37.38205418,126.9387282
경기도,37.38485568,126.9345729
경기도,37.38370406,126.9581334
경기도,37.39965818,126.9073686
경기도,37.39916283,126.9426679
경기도,37.40230647,126.9403058
경기도,37.39446594,126.9406014
경기도,37.41362687,126.9177452
경기도,37.37634675,126.9675949
경기도,37.38551226,126.9342743
경기도,37.41484948,126.915261
경기도,37.43099792,126.9018431
경기도,37.43354725,126.9051121
경기도,37.4265315,126.9027037
경기도,37.39792785,126.9388358
경기도,37.39465096,126.9770909
경기도,37.39040216,126.9642646
경기도,37.38552222,126.9694843
경기도,37.37614204,126.9661732
경기도,37.3918886,126.9522791
경기도,37.37600501,126.9598153
경기도,37.40033445,126.9761476
경기도,37.36602682,126.957854
경기도,37.40088873,126.9303286
경기도,37.38681152,126.9576366
경기도,37.37499371,126.9477261
경기도,37.37406122,126.9487833
경기도,37.41168761,126.9691642
경기도,37.42060502,126.9107861
경기도,37.37161278,126.9514327
경기도,37.39609728,126.950181
경기도,37.39366757,126.9471711
경기도,37.40627627,126.9487846
경기도,37.39229371,126.9580377
경기도,37.39125077,126.9488608
경기도,37.38733813,126.9259803
경기도,37.39887842,126.9750618
경기도,37.41906306,126.9197713
경기도,37.38310196,126.9704728
경기도,37.3973866,126.9164022
경기도,37.39639912,126.915393
경기도,37.39872238,126.9643862
경기도,37.36876545,126.955553
경기도,37.380236,126.9469308
경기도,37.40132019,126.964797
경기도,37.40248298,126.9189727
경기도,37.40332276,126.8941315
경기도,37.40423684,126.9200325
경기도,37.40437788,126.9066761
경기도,37.3666087,126.9569803
경기도,37.41537561,126.9159349
경기도,37.42085744,126.9126036
경기도,37.41481745,126.9088199
경기도,37.39214443,126.9452844
경기도,37.39196972,126.9761493
경기도,37.40748924,126.9327193
경기도,37.39752703,126.9731845
경기도,37.38837751,126.9690236
경기도,37.39332087,126.9540311
경기도,37.36751342,126.9577078
경기도,37.39556793,126.9765423
경기도,37.3756807,126.9578862
경기도,37.38595356,126.9533616
경기도,37.39277642,126.9792052
경기도,37.39233178,126.9565123
경기도,37.39073717,126.9746441
경기도,37.39560562,126.962838
경기도,37.40022786,126.9704314
경기도,37.39065045,126.9554739
경기도,37.39253221,126.9609168
경기도,37.39572429,126.9631648
경기도,37.37700226,126.9397372
경기도,37.3926335,126.9176478
경기도,37.39572302,126.9453145
경기도,37.38833582,126.96777
경기도,37.40817231,126.8976969
경기도,37.38422813,126.9525382
경기도,37.39365606,126.9642528
경기도,37.39309372,126.9595232
경기도,37.40346548,126.9026948
경기도,37.38344575,126.950985
경기도,37.37161278,126.9514327
경기도,37.39700699,126.9617886
경기도,37.40026172,126.9780462
경기도,37.42802946,126.9012564
경기도,37.36389773,126.9633803
경기도,37.40637173,126.9197562
경기도,37.4065477,126.9134046
경기도,37.39297121,126.9723126
경기도,37.40368329,126.9065686
경기도,37.39787634,126.9393785
경기도,37.3945333,126.9153962
경기도,37.42019144,126.9073876
경기도,37.38281468,126.9490242
경기도,37.38471982,126.9694447
경기도,37.38652144,126.9712056
경기도,37.398727,126.9594602
경기도,37.39520629,126.9582879
경기도,37.38663912,126.9324246
경기도,37.39250592,126.9512805
경기도,37.39910064,126.9259019
경기도,37.39655554,126.917866
경기도,37.39007344,126.9305686
경기도,37.39146779,126.9337438
경기도,37.39147905,126.9084271
경기도,37.4228554,126.9083725
경기도,37.36912427,126.9551777
경기도,37.38484373,126.9629486
경기도,37.39937486,126.9030097
경기도,37.4009701,126.9691155
경기도,37.40235826,126.9513555
경기도,37.37059777,126.9502542
경기도,37.39752703,126.9731845
경기도,37.411464,126.9141799
경기도,37.39911723,126.9330761
경기도,37.38452871,126.9493279
경기도,37.40612151,126.9721526
경기도,37.39145802,126.9354723
경기도,37.37862693,126.9695328
경기도,37.40303974,126.9040653
경기도,37.40271059,126.8978085
경기도,37.38571795,126.9492063
경기도,37.36580939,126.9595835
경기도,37.38543991,126.9475704
경기도,37.38411077,126.9486194
경기도,37.3899556,126.9456055
경기도,37.36408209,126.9642824
경기도,37.3827531,126.9610885
경기도,37.39326812,126.9504276
경기도,37.38499534,126.9060607
경기도,37.41963063,126.9106016
경기도,37.38973489,126.9332711
경기도,37.38691601,126.9707509
경기도,37.37600413,126.9556927
경기도,37.4107034,126.9728097
경기도,37.40224755,126.9605986
경기도,37.39674737,126.9351163
경기도,37.37638804,126.9647596
경기도,37.41740727,126.9112067
경기도,37.40568949,126.9022252
경기도,37.41651836,126.9082867
경기도,37.36762686,126.9588589
경기도,37.418821,126.9091162
경기도,37.40643214,126.9610884
경기도,37.39916577,126.9244666
경기도,37.38660435,126.9087704
경기도,37.4059398,126.9618377
경기도,37.38287269,126.9537567
경기도,37.4047781,126.9073961
경기도,37.38522591,126.9035173
경기도,37.38506342,126.9052582
경기도,37.39340187,126.9481785
경기도,37.39261824,126.9541266
경기도,37.41355698,126.9163671
경기도,37.40153103,126.967575
경기도,37.38376646,126.9348748
경기도,37.43030487,126.9020408
경기도,37.39258389,126.9315324
경기도,37.40613476,126.9731016
경기도,37.38408219,126.9368153
경기도,37.40100273,126.924091
경기도,37.39011204,126.9424525
경기도,37.39490658,126.9637242
경기도,37.40537501,126.9725194
경기도,37.41243396,126.9044542
경기도,37.3997225,126.9702993
경기도,37.36667437,126.9555794
경기도,37.38366189,126.9470751
경기도,37.39527019,126.9297045
경기도,37.41683383,126.9173588
경기도,37.37328503,126.9505057
경기도,37.39350507,126.9170875
경기도,37.40145769,126.899581
경기도,37.39373696,126.9093245
경기도,37.39955319,126.9788533
경기도,37.39900394,126.9628702
경기도,37.38180646,126.9512455
경기도,37.84417261,127.0661365
경기도,37.82076504,126.9873534
경기도,37.78556923,127.0466536
경기도,37.79367635,126.9889377
경기도,37.87491101,127.0247734
경기도,37.71788509,126.941067
경기도,37.79916587,127.082951
경기도,37.7889187,127.0814539
경기도,37.83135155,127.0522939
경기도,37.79130041,127.0804253
경기도,37.7304061,126.9497254
경기도,37.80055513,127.0739404
경기도,37.84122707,127.1029794
경기도,37.82189676,127.0985935
경기도,37.79168337,127.0847464
경기도,37.82167446,127.0467459
경기도,37.83784447,127.0689194
경기도,37.83725348,127.0901717
경기도,37.84135836,127.0620924
경기도,37.83498714,127.0733518
경기도,37.83215772,127.0733189
경기도,37.7923308,126.9872751
경기도,37.82147737,127.080875
경기도,37.89483848,127.0106187
경기도,37.487447,127.481132
경기도,37.54530642,127.5830573
경기도,37.46926489,127.5326148
경기도,37.537546,127.674239
경기도,37.496758,127.486967
경기도,37.52201012,127.4585126
경기도,37.497066,127.484707
경기도,37.556246,127.710958
경기도,37.491735,127.487436
경기도,37.486587,127.493498
경기도,37.60659358,127.3484665
경기도,37.398636,127.723947
경기도,37.395996,127.726555
경기도,37.426055,127.536814
경기도,37.427964,127.542075
경기도,37.4251146,127.7511801
경기도,37.542823,127.325698
경기도,37.473793,127.638641
경기도,37.485282,127.607479
경기도,37.489574,127.518234
경기도,37.2982139,127.6366234
경기도,37.2982139,127.6366234
경기도,37.2982139,127.6366234
경기도,37.2946119,127.6403966
경기도,37.2999584,127.6534898
경기도,37.3098261,127.6445098
경기도,37.2972749,127.6360414
경기도,37.2016581,127.5448788
경기도,37.294961,127.639628
경기도,37.2986948,127.6289509
경기도,37.2952936,127.6334566
경기도,38.21125419,127.1507036
경기도,38.10712455,127.0797463
경기도,38.01159172,127.0637623
경기도,37.98172744,127.0677696
경기도,38.0155069,127.0712612
경기도,38.0155069,127.0712612
경기도,38.0155069,127.0712612
경기도,38.02669642,127.0468269
경기도,38.08518847,127.0190682
경기도,38.09651322,127.0752586
경기도,38.18294289,127.106953
경기도,38.18294289,127.106953
경기도,38.10405891,127.0767943
경기도,38.10405891,127.0767943
경기도,38.09651322,127.0752586
경기도,38.09651322,127.0752586
경기도,38.09651322,127.0752586
경기도,38.09811034,127.0766826
경기도,38.02353355,127.0609624
경기도,38.02353355,127.0609624
경기도,38.00909161,127.0672275
경기도,38.01863146,126.9719942
경기도,38.01863146,126.9719942
경기도,38.03746173,127.0728723
경기도,38.03746173,127.0728723
경기도,38.03746173,127.0728723
경기도,38.03746173,127.0728723
경기도,38.03746173,127.0728723
경기도,38.03746173,127.0728723
경기도,38.01601203,126.974418
경기도,38.00737616,127.062135
경기도,38.0280114,127.0637105
경기도,38.0155069,127.0712612
경기도,38.02353355,127.0609624
경기도,38.09811034,127.0766826
경기도,38.21251732,127.1456447
경기도,38.02803393,127.063864
경기도,38.09651322,127.0752586
경기도,38.02566051,127.0728817
경기도,38.04565722,127.1116966
경기도,38.02489071,127.1090535
경기도,38.02647704,127.0728541
경기도,38.0372524,126.9575308
경기도,38.00887699,127.0588604
경기도,38.0623778,127.1289227
경기도,38.0623778,127.1289227
경기도,38.02138106,127.0709101
경기도,38.02138106,127.0709101
경기도,37.94171386,127.0029878
경기도,38.03416874,127.0644321
경기도,38.02971379,126.9179708
경기도,38.02803393,127.063864
경기도,38.1062656,127.0774874
경기도,38.1062656,127.0774874
경기도,38.02694576,127.0668426
경기도,38.02694576,127.0668426
경기도,38.02566051,127.0728817
경기도,38.02566051,127.0728817
경기도,38.01517053,127.0731088
경기도,38.01517053,127.0731088
경기도,38.01517053,127.0731088
경기도,38.01517053,127.0731088
경기도,38.01517053,127.0731088
경기도,38.04565722,127.1116966
경기도,38.02489071,127.1090535
경기도,38.05191356,127.0105377
경기도,38.05191356,127.0105377
경기도,38.02647704,127.0728541
경기도,38.02647704,127.0728541
경기도,38.02647704,127.0728541
경기도,38.00909161,127.0672275
경기도,38.15610177,127.145497
경기도,38.10861885,127.0752998
경기도,38.15761972,127.0935054
경기도,38.15761972,127.0935054
경기도,37.98180466,126.8842091
경기도,37.98180466,126.8842091
경기도,38.13582461,127.0191015
경기도,38.13582461,127.0191015
경기도,38.02222047,127.0717701
경기도,37.14126173,127.0639341
경기도,37.13861996,127.0717161
경기도,37.18152971,127.057079
경기도,37.18152971,127.057079
경기도,37.14537057,127.069989
경기도,37.1700588,127.0617988
경기도,37.14945125,127.073047
경기도,37.13545144,127.072507
경기도,37.17901151,127.0363327
경기도,37.1758144,127.0382905
경기도,37.18587336,127.0618798
경기도,37.18587336,127.0618798
경기도,37.15363686,127.0822457
경기도,37.14066107,127.0727039
경기도,37.1483191,127.0729886
경기도,37.14066107,127.0727039
경기도,37.15937066,127.077834
경기도,37.14945125,127.073047
경기도,37.14066107,127.0727039
경기도,37.19600326,127.0647669
경기도,37.19600326,127.0647669
경기도,37.15233882,127.0731252
경기도,37.15458776,127.0634543
경기도,37.13984165,127.0406582
경기도,37.18830046,127.0408252
경기도,37.1483191,127.0729886
경기도,37.13854672,127.0662778
경기도,37.15420208,127.0682016
경기도,37.17664285,127.0545674
경기도,37.14903662,127.0776635
경기도,37.1406036,127.2056286
경기도,37.247516,127.105058
경기도,37.38283347,126.9822868
경기도,37.38016465,126.9736163
경기도,37.34495312,126.9740588
경기도,37.34472651,126.968924
경기도,37.38669902,126.9835279
경기도,37.31411581,126.9595408
경기도,37.38858352,126.9960841
경기도,37.37819364,126.9845575
경기도,37.34772865,126.9757506
경기도,37.32220276,126.9492356
경기도,37.34747798,126.9840571
경기도,37.34747798,126.9840571
경기도,37.37819191,126.9756154
경기도,37.38763585,126.9821952
경기도,37.30712099,126.952258
경기도,37.38147139,126.9747223
경기도,37.7579125,127.03158
경기도,37.692292,127.055506
경기도,37.738401,127.033324
경기도,37.706711,127.037419
경기도,37.738521,127.035707
경기도,37.751669,127.118754
경기도,37.7430345,127.1023135
경기도,37.737847,127.0351108
경기도,37.7467948,127.0700528
경기도,37.741911,127.019519
경기도,37.7377851,127.080896
경기도,37.272124,127.435034
경기도,37.114942,127.616837
경기도,37.179606,127.445305
경기도,37.28357,127.486928
경기도,37.273599,127.434763
경기도,37.289816,127.384
경기도,37.282385,127.437883
경기도,37.242228,127.400091
경기도,37.248748,127.358242
경기도,37.2297,127.49184
경기도,37.278261,127.441008
경기도,37.290377,127.452484
경기도,37.282863,127.441145
경기도,37.288981,127.452356
경기도,37.285789,127.496666
경기도,37.204638,127.354176
경기도,37.092679,127.543963
경기도,37.27123,127.437897
경기도,37.171121,127.41897
경기도,37.253131,127.442558
경기도,37.339086,127.490729
경기도,37.132591,127.521813
경기도,37.306267,127.404011
경기도,37.095132,127.547095
경기도,37.176925,127.524545
경기도,37.320857,127.397466
경기도,37.171678,127.480168
경기도,37.293941,127.459119
경기도,37.283297,127.447376
경기도,37.289816,127.384
경기도,37.293941,127.459119
경기도,37.279456,127.427553
경기도,37.188241,127.403343
경기도,37.262747,127.408484
경기도,37.262747,127.408484
경기도,37.241322,127.389808
경기도,37.241322,127.389808
경기도,37.294164,127.378079
경기도,37.294164,127.378079
경기도,37.278261,127.441059
경기도,37.265136,127.403225
경기도,37.265136,127.403225
경기도,37.85379331,126.782839
경기도,37.74476239,126.8052375
경기도,37.81875442,126.7357041
경기도,37.72027122,126.7108018
경기도,37.76450642,126.7958113
경기도,37.80245922,126.7161227
경기도,37.857699,126.7843503
경기도,37.95428304,126.9176169
경기도,37.7714159,126.778354
경기도,37.75700034,126.7841027
경기도,37.85675241,126.7910164
경기도,37.94107221,126.8769276
경기도,37.73104408,126.7523333
경기도,37.86986758,126.7855332
경기도,37.73239157,126.7308021
경기도,37.72396848,126.7181104
경기도,37.7261336,126.7177709
경기도,37.78806386,126.7037398
경기도,37.7178208,126.6937621
경기도,37.77306538,126.927775
경기도,37.940093,126.942042
경기도,37.75016779,126.8357329
경기도,37.74696327,126.7510503
경기도,37.89042994,126.7403774
경기도,37.7228828,126.7600327
경기도,37.74696327,126.7510503
경기도,37.71038924,126.7451031
경기도,37.76924419,126.6965011
경기도,37.72956878,126.736761
경기도,37.83074471,126.8199786
경기도,37.857699,126.7843503
경기도,37.77616498,126.8512215
경기도,37.80709936,126.8622426
경기도,37.72748626,126.7589062
경기도,37.74349602,126.8110136
경기도,37.72106097,126.7184526
경기도,37.73002794,126.7186728
경기도,37.77999749,126.8496519
경기도,37.72449648,126.7392608
경기도,37.76004138,126.7798768
경기도,37.76745635,126.7695268
경기도,37.71038924,126.7451031
경기도,37.75580521,126.7733077
경기도,37.7682627,126.7765338
경기도,37.8107133,126.7770464
경기도,37.72402877,126.7513086
경기도,37.82533519,126.7738812
경기도,37.751414,126.76776
경기도,37.79614189,126.7922046
경기도,37.72618921,126.7662336
경기도,37.752531,126.767047
경기도,37.7515853,126.7772013
경기도,37.92188496,126.8376036
경기도,37.72229114,126.7615001
경기도,37.77308686,126.7647103
경기도,37.78827789,126.7028671
경기도,37.79868679,126.6838773
경기도,37.80971891,126.757131
경기도,37.85379331,126.782839
경기도,37.75804011,126.77927
경기도,37.76304055,126.7726818
경기도,37.83100099,126.8324687
경기도,37.72551956,126.7541621
경기도,37.8683553,126.7862558
경기도,37.72762849,126.7510424
경기도,37.71242074,126.7396524
경기도,37.72243936,126.7073134
경기도,37.75446206,126.7701481
경기도,37.72837384,126.757651
경기도,37.73239157,126.7308021
경기도,37.72894591,126.7452346
경기도,37.86090479,126.7795954
경기도,37.75867241,126.7744201
경기도,37.78445002,126.7026326
경기도,37.73465331,126.7583883
경기도,37.73475013,126.763484
경기도,37.72842576,126.7583632
경기도,37.72332017,126.7123008
경기도,37.0555206,127.0560428
경기도,37.0668137,127.0649438
경기도,36.9901995,126.91638
경기도,36.9923004,127.1125266
경기도,36.9950199,127.1332688
경기도,37.0385307,127.1006698
경기도,37.000542,127.0952358
경기도,37.0815628,127.0601154
경기도,37.0773661,127.0575917
경기도,37.0443512,127.0950107
경기도,37.0422764,127.0175774
경기도,36.9883806,127.11173
경기도,37.0077181,126.9803544
경기도,36.9673144,126.9215963
경기도,37.0400364,126.934578
경기도,36.9999483,127.0826798
경기도,37.0008488,127.0872866
경기도,36.9893096,127.0805867
경기도,36.9899382,127.0926058
경기도,37.076405,127.0524326
경기도,37.1081608,127.0351876
경기도,37.0998385,127.091011
경기도,36.9826728,126.8853642
경기도,37.0131244,126.9799833
경기도,37.0449989,127.0595265
경기도,37.0214553,127.066828
경기도,36.9971464,127.079841
경기도,37.0753821,127.045238
경기도,37.8945992,127.2001794
경기도,37.8945992,127.2001794
경기도,37.9153563,127.2146088
경기도,37.7804968,127.1187799
경기도,37.8945992,127.2001794
경기도,37.8889438,127.2176316
경기도,37.8479291,127.1608341
경기도,38.0656685,127.3157222
경기도,38.0656685,127.3157222
경기도,37.8233806,127.1386626
경기도,38.0056285,127.2453024
경기도,37.7861468,127.2287187
경기도,37.8233806,127.1386626
경기도,37.9230477,127.2379702
경기도,37.8945992,127.2001794
경기도,37.8945992,127.2001794
경기도,37.8945992,127.2001794
경기도,37.8889438,127.2176316
경기도,37.9231797,127.2257553
경기도,37.8955697,127.2119504
경기도,37.8945992,127.2001794
경기도,38.0889668,127.2754186
경기도,38.0306343,127.3676294
경기도,38.00139615,127.2442563
경기도,37.8945992,127.2001794
경기도,37.8945992,127.2001794
경기도,37.56020346,127.1887896
경기도,37.56698328,127.185954
경기도,37.54168195,127.2139762
경기도,37.51609474,127.1616463
경기도,37.47710289,127.1523499
경기도,37.54901005,127.1850614
경기도,37.53654343,127.1708655
경기도,37.56323408,127.1866692
경기도,37.55501193,127.1899763
경기도,37.55962611,127.1892522
경기도,37.52215539,127.194091
경기도,37.535458,127.227707
경기도,37.552823,127.205411
경기도,37.545394,127.223709
경기도,37.569684,127.195324
경기도,37.539265,127.214892
경기도,37.5191571,127.2239236
경기도,37.5387075,127.2095551
경기도,37.53498727,127.1984797
경기도,37.54220491,127.1980346
경기도,37.55245601,127.2046477
경기도,37.14288977,126.8793313
경기도,37.09359438,126.956236
경기도,37.20307689,127.0332845
경기도,37.20616178,126.7715818
경기도,37.22216077,126.9721451
경기도,37.21430086,127.0796712
경기도,37.16114044,126.9032363
경기도,37.13786295,126.9224111
경기도,37.16613364,126.708812
경기도,37.252349,126.9100146
경기도,37.07945005,126.831335
경기도,37.08170519,126.9464365
경기도,37.19505124,127.0848102
경기도,37.23296175,126.902601
경기도,37.23030209,127.0664132
경기도,37.21751631,126.959044
경기도,37.20638552,127.0718904
경기도,37.08170519,126.9464365
경기도,37.19686135,127.0722196
경기도,37.21149866,127.0431114
경기도,37.03550965,126.8051446
경기도,37.13211287,126.9203802
경기도,37.23576252,126.8732635
경기도,37.21148752,126.823973
경기도,37.17327872,127.0895271
경기도,37.20490675,126.7702564
경기도,37.1618355,126.904744
경기도,37.19972351,127.1122427
경기도,37.08170519,126.9464365
경기도,37.08953584,126.8154421
경기도,37.08953584,126.8154421
경기도,37.21990935,126.9499616
경기도,37.21779802,126.7389523
경기도,37.17544361,127.0861966
경기도,37.2021313,126.9316584
경기도,37.21899174,127.0706625
경기도,37.20988853,127.0586455
경기도,37.13076224,126.9217546
경기도,37.11422918,126.7964455
경기도,37.19013612,126.8386308
경기도,37.23030209,127.0664132
경기도,37.08770647,126.9052108
경기도,37.21802652,127.0550575
경기도,37.23299691,127.0650519
경기도,37.20430303,127.0303111
경기도,37.08953584,126.8154421
경기도,37.20677008,127.0371949
경기도,37.21327621,127.0349221
경기도,37.23308027,127.0605558
경기도,37.22399245,126.9846512
경기도,37.19929828,126.8312782
경기도,37.23729068,126.7572535
경기도,37.23729068,126.7572535
경기도,37.14308097,126.8812444
경기도,37.16044423,126.8433559
경기도,37.11630752,126.681675
경기도,37.20360758,127.0366753
